date;time;kinds;mode
2020:10:27;15:14:11;1;2
2020:10:27;15:14:11;2;2
2020:10:27;15:14:17;1;1
2020:10:27;15:15:22;1;2
2020:10:27;16:19:07;1;2
2020:10:27;16:19:07;2;2
2020:10:27;16:19:15;1;1
2020:10:27;16:20:21;1;2
2020:10:27;16:20:23;1;1
2020:10:27;16:20:26;1;2
2020:10:27;16:20:28;1;1
2020:10:27;16:20:34;1;2
2020:10:27;16:20:35;1;1
2020:10:27;16:20:37;1;2
2020:10:27;16:20:39;1;1
2020:10:27;16:20:40;1;2
2020:10:27;16:20:52;1;1
2020:10:27;16:20:53;1;2
2020:10:27;16:20:54;1;1
2020:10:27;16:20:59;1;2
2020:10:27;16:26:53;1;2
2020:10:27;16:26:53;2;2
2020:10:27;16:27:38;1;1
2020:10:27;16:27:47;1;2
2020:10:27;16:27:48;1;2
2020:10:27;16:27:52;1;2
2020:10:27;16:30:52;1;1
2020:10:27;16:31:56;1;2
2020:10:27;16:31:57;1;2
2020:10:27;16:32:23;1;2
2020:10:27;16:54:58;1;1
2020:10:27;16:56:12;1;2
2020:10:27;16:56:13;1;2
2020:10:27;16:57:02;1;2
2020:10:27;17:17:04;1;1
2020:10:27;17:17:18;1;2
2020:10:27;17:41:29;1;2
2020:10:27;17:41:29;2;2
2020:10:27;17:41:48;1;1
2020:10:27;17:43:02;1;2
2020:10:27;17:43:03;1;2
2020:10:27;17:43:23;1;2
2020:10:27;17:57:07;1;2
2020:10:27;17:57:07;2;2
2020:10:27;17:57:13;1;1
2020:10:27;17:58:19;1;2
2020:10:28;13:00:792091;1;2
2020:10:28;13:00:47;2;2
2020:10:28;13:00:288752;1;1
2020:10:28;13:02:757374;1;2
2020:10:30;13:55:403656;1;2
2020:10:30;13:55:32;2;2
2020:10:30;13:55:691424;1;1
2020:10:30;13:56:245471;1;2
2020:10:30;16:29:868969;1;2
2020:10:30;16:29:52;2;2
2020:10:30;16:29:558767;1;1
2020:10:30;16:31:331868;1;2
2020:11:02;09:25:238849;1;2
2020:11:02;09:25:02;2;2
2020:11:02;10:33:585613;1;2
2020:11:02;10:33:53;2;2
2020:11:02;10:33:968319;1;1
2020:11:02;10:35:659850;1;2
2020:11:02;10:39:133147;1;2
2020:11:02;10:39:56;2;2
2020:11:02;10:40:518670;1;1
2020:11:02;10:41:499755;1;2
2020:11:02;10:41:124205;1;1
2020:11:02;10:41:998548;1;2
2020:11:02;10:41:465039;1;2
2020:11:02;10:41:207177;1;2
2020:11:02;10:51:51;2;2
2020:11:02;10:51:693600;1;2
2020:11:02;10:51:476304;1;2
2020:11:02;10:52:264241;1;2
2020:11:02;10:52:369989;1;1
2020:11:02;10:53:767262;1;2
2020:11:02;10:54:241650;1;2
2020:11:02;10:54:13;2;2
2020:11:02;10:54:620037;1;1
2020:11:02;10:54:998989;1;2
2020:11:02;11:21:764101;1;2
2020:11:02;11:21:22;2;2
2020:11:02;11:21:360462;1;1
2020:11:02;11:22:730592;1;2
2020:11:02;11:31:986375;1;2
2020:11:02;11:31:42;2;2
2020:11:04;18:09:449786;1;2
2020:11:04;18:09:921054;1;2
2020:11:04;18:09:26;2;2
2020:11:04;18:09:28;2;0
2020:11:04;18:09:724274;1;2
2020:11:04;18:09:997121;1;2
2020:11:04;18:10:084988;1;2
2020:11:04;18:10:652914;1;2
2020:11:04;18:10:037507;1;2
2020:11:04;18:10:24;2;2
2020:11:04;18:10:37;2;1
2020:11:04;18:10:679233;1;1
2020:11:04;18:10:50;2;2
2020:11:04;18:10:894729;1;2
2020:11:04;18:10:668426;1;2
2020:11:04;18:11:956179;1;2
2020:11:04;18:11:728039;1;2
2020:11:04;18:11:330389;1;2
2020:11:04;18:11:13;2;1
2020:11:04;18:11:33;2;2
2020:11:04;18:11:38;2;0
2020:11:04;18:11:39;2;2
2020:11:04;18:11:657210;1;1
2020:11:04;18:12:665569;1;2
2020:11:04;18:13:616035;1;1
2020:11:04;18:14:786807;1;2
2020:11:04;18:16:24;2;1
2020:11:04;18:16:36;2;2
2020:11:04;18:17:16;2;1
2020:11:04;18:17:51;2;2
2020:11:04;18:18:518225;1;1
2020:11:04;18:18:153147;1;2
2020:11:04;18:18:546477;1;1
2020:11:04;18:19:144993;1;2
2020:11:04;18:19:54;2;1
2020:11:04;18:21:54;2;2
2020:11:04;18:27:505761;1;2
2020:11:04;18:27:57;2;2
2020:11:04;18:28:178447;1;2
2020:11:04;18:28:08;2;2
2020:11:04;18:28:16;2;1
2020:11:04;18:28:17;2;2
2020:11:04;18:30:820660;1;1
2020:11:04;18:30:034388;1;2
2020:11:04;18:30:214250;1;2
2020:11:04;18:30:171266;1;2
2020:11:04;18:30:342156;1;2
2020:11:04;18:31:485574;1;2
2020:11:04;18:48:699873;1;2
2020:11:04;18:48:57;2;2
2020:11:04;18:49:05;2;1
2020:11:04;18:49:113495;1;1
2020:11:04;18:49:470204;1;2
2020:11:04;18:49:40;2;2
2020:11:10;11:09:917216;1;2
2020:11:10;11:15:644391;1;2
2020:11:10;11:15:427546;1;1
2020:11:10;11:15:855184;1;1
2020:11:10;11:15:530178;1;2
2020:11:10;12:54:176832;1;2
2020:11:10;12:58:722557;1;2
2020:11:10;13:00:845067;1;2
2020:11:10;13:00:034306;1;1
2020:11:10;13:00:614961;1;2
2020:11:10;14:24:916450;2;2
2020:11:10;14:24:916172;1;2
2020:11:10;14:25:834002;1;2
2020:11:10;14:25:835180;2;2
2020:11:10;14:25:878936;1;2
2020:11:10;14:25:884026;2;2
2020:11:10;14:25:082140;1;1
2020:11:10;14:25:789529;2;1
2020:11:10;14:26:385345;2;2
2020:11:10;14:26:413688;1;2
2020:11:10;17:05:987279;1;2
2020:11:10;17:06:940981;2;2
2020:11:10;17:06:941772;1;2
2020:11:10;17:06:212524;2;1
2020:11:10;17:07:570642;2;2
2020:11:10;17:07:127351;1;1
2020:11:10;17:08:196008;1;2
2020:11:10;17:08:688657;2;1
2020:11:10;17:08:574374;2;2
2020:11:10;17:08:511096;1;1
2020:11:10;17:08:592147;1;2
2020:11:10;17:08:361722;1;2
2020:11:10;17:08:798465;1;2
2020:11:10;17:08:972599;1;2
2020:11:10;17:08:759242;1;2
2020:11:10;17:09:935108;1;1
2020:11:10;17:10:505168;1;2
2020:11:10;17:10:228262;2;1
2020:11:10;17:10:408565;2;2
2020:11:10;17:10:414675;2;2
2020:11:10;17:10:897180;2;2
2020:11:10;17:17:479356;1;2
2020:11:10;17:17:478773;2;2
2020:11:10;17:17:439122;2;2
2020:11:10;17:17:438600;1;2
2020:11:10;17:17:021214;1;2
2020:11:10;17:17:352054;1;2
2020:11:10;17:18:902440;1;2
2020:11:10;17:18:906553;2;2
2020:11:10;17:18:650190;1;1
2020:11:10;17:19:407850;1;2
2020:11:10;17:19:568581;2;1
2020:11:10;17:21:886719;2;2
2020:11:10;17:21:664762;1;1
2020:11:10;17:23:067189;1;2
2020:11:17;11:27:957787;1;2
2020:11:17;11:27:957185;2;2
2020:11:17;11:27:366830;2;1
2020:11:17;11:27:269203;2;2
2020:11:17;14:26:278094;2;2
2020:11:17;14:26:277529;1;2
2020:11:17;14:27:172592;1;2
2020:11:17;14:27:180174;2;2
2020:11:17;14:27:284155;2;1
2020:11:17;14:27:182966;2;2
2020:11:17;14:27:087026;1;1
2020:11:17;14:27:763625;1;2
2020:11:18;17:19:721869;1;2
2020:11:18;17:19:727953;2;2
2020:11:18;17:19:876036;2;1
2020:11:18;17:19:109101;1;1
2020:11:18;17:19:593885;1;2
2020:11:18;17:19:881553;2;2
2020:11:18;17:28:549371;2;2
2020:11:18;17:35:684969;1;2
2020:11:18;17:35:684611;2;2
2020:11:18;17:35:319062;2;1
2020:11:18;17:36:699624;1;1
2020:11:18;17:36:892324;1;2
2020:11:18;17:36:040823;2;2
2020:11:18;18:03:883144;2;1
2020:11:18;18:03:187448;1;1
2020:11:18;18:03:143865;2;2
2020:11:18;18:03:709756;1;2
2020:11:27;12:52:693491;2;2
2020:11:27;12:52:694019;1;2
2020:11:27;13:15:247721;1;2
2020:11:27;13:15:694097;2;2
2020:11:27;13:15:696437;1;2
2020:12:03;09:23:389812;1;2
2020:12:03;09:23:662839;2;2
2020:12:03;09:24:957912;2;1
2020:12:03;09:24:430273;2;2
2020:12:03;09:42:294812;1;2
2020:12:03;09:42:294277;2;2
2020:12:03;09:42:263604;1;2
2020:12:03;09:42:689333;1;2
2020:12:03;09:42:465945;2;1
2020:12:03;09:42:939359;2;2
2020:12:03;14:18:458894;2;2
2020:12:03;14:18:346240;2;1
2020:12:03;14:18:099334;2;2
2020:12:03;14:18:269911;2;1
2020:12:03;14:18:546847;2;2
2020:12:03;14:18:420467;2;1
2020:12:03;14:18:193295;2;2
2020:12:03;15:25:731692;2;2
2020:12:03;15:25:731155;1;2
2020:12:03;15:32:185375;2;2
2020:12:03;15:32:973221;2;1
2020:12:03;15:32:846252;2;2
2020:12:03;15:32:351073;2;1
2020:12:03;15:32:434204;2;2
2020:12:03;15:32:098805;2;2
2020:12:03;15:32:330833;2;2
2020:12:03;15:34:792566;2;1
2020:12:03;15:34:465440;2;2
2020:12:03;15:35:916993;1;2
2020:12:03;15:35:305697;2;2
2020:12:03;15:37:223085;1;2
2020:12:03;15:37:224983;2;2
2020:12:03;15:37:901272;1;2
2020:12:03;15:37:135139;1;2
2020:12:03;15:37:116826;2;1
2020:12:03;15:37:091509;2;2
2020:12:03;15:37:012052;1;1
2020:12:03;15:37:587763;1;2
2020:12:03;15:37:453267;1;2
2020:12:03;15:37:947669;1;2
2020:12:03;15:55:577926;1;2
2020:12:03;15:55:602487;2;2
2020:12:03;15:59:951385;1;1
2020:12:03;15:59:424818;1;2
2020:12:03;15:59:053067;2;1
2020:12:03;15:59:828003;2;2
2020:12:03;18:00:653377;1;1
2020:12:03;18:00:122473;1;2
2020:12:03;18:01:055715;2;1
2020:12:03;18:01:828395;2;2
2020:12:04;09:13:309197;1;2
2020:12:04;09:13:310881;2;2
2020:12:04;09:13:842983;1;2
2020:12:04;09:14:265472;1;2
2020:12:04;09:14:280632;2;2
2020:12:04;09:14:057700;2;1
2020:12:04;09:14:936153;2;2
2020:12:04;09:14:201939;2;2
2020:12:04;09:14:834789;2;2
2020:12:04;09:14:167507;1;1
2020:12:04;09:14:743016;1;2
2020:12:04;09:15:717029;2;1
2020:12:04;09:15:388642;2;2
2020:12:04;09:18:237413;2;1
2020:12:04;09:18:071107;2;2
2020:12:04;09:20:422041;2;1
2020:12:04;09:20:997376;2;2
2020:12:04;09:20:561488;2;2
2020:12:04;09:20:739075;2;2
2020:12:04;09:21:616824;2;1
2020:12:04;09:21:589767;2;2
2020:12:04;09:21:157888;2;2
2020:12:04;09:21:196919;2;2
2020:12:04;09:22:203550;2;1
2020:12:04;09:22:779091;2;2
2020:12:04;09:26:116242;2;1
2020:12:04;09:26:188009;2;2
2020:12:04;09:26:553443;2;2
2020:12:04;09:26:590211;2;2
2020:12:04;09:35:616973;1;2
2020:12:04;09:35:649965;2;2
2020:12:04;09:35:298043;1;1
2020:12:04;09:35:967945;1;2
2020:12:04;09:35:828221;2;1
2020:12:04;09:35:502733;2;2
2020:12:04;09:38:887502;2;1
2020:12:04;09:39:706022;2;2
2020:12:04;09:41:401597;2;1
2020:12:04;09:43:038055;2;2
2020:12:04;14:14:704963;2;1
2020:12:04;14:15:590610;2;2
2020:12:04;14:15:757524;2;2
2020:12:04;14:15:307141;2;2
2020:12:04;14:15:386191;2;1
2020:12:04;14:15:268955;2;2
2020:12:04;14:15:835418;2;2
2020:12:04;14:15:416646;2;2
2020:12:04;14:15:593410;2;1
2020:12:04;14:20:292890;2;2
2020:12:08;07:26:132726;2;2
2020:12:08;07:26:134440;1;2
2020:12:08;07:35:509621;2;1
2020:12:08;07:36:550203;2;2
2020:12:08;07:36:372165;2;1
2020:12:08;07:37:914445;2;2
2020:12:08;09:11:666471;1;2
2020:12:08;09:11:668114;2;2
2020:12:08;09:17:009294;2;1
2020:12:08;09:21:866090;2;2
2020:12:08;17:16:097008;1;2
2020:12:08;17:16:112939;2;2
2020:12:09;18:08:405449;1;2
2020:12:09;18:08:407311;2;2
2020:12:09;18:08:776018;2;2
2020:12:09;18:08:504236;2;2
2020:12:09;18:09:516939;2;2
2020:12:09;18:09:539658;1;2
2020:12:09;18:09:813557;1;1
2020:12:09;18:09:793619;1;2
2020:12:09;18:10:457707;1;2
2020:12:09;18:10:571475;1;2
2020:12:09;18:10:447631;2;1
2020:12:09;18:10:948455;2;2
2020:12:10;12:49:557082;2;2
2020:12:10;12:49:560207;1;2
2020:12:10;12:49:563591;1;1
2020:12:10;12:49:038998;1;2
2020:12:10;12:49:665477;2;1
2020:12:10;12:49:238672;2;2
2020:12:10;12:49:264201;2;1
2020:12:10;12:52:169169;1;1
2020:12:10;12:53:747093;1;2
2020:12:10;12:53:606442;2;2
2020:12:14;15:02:585271;1;2
2020:12:14;15:02:586833;2;2
2020:12:14;15:03:732051;2;1
2020:12:14;15:07:902409;2;2
2020:12:25;11:00:193517;2;2
2020:12:25;11:00:910423;1;2
2020:12:25;11:01:499503;1;1
2020:12:25;11:01:081936;1;2
2020:12:25;11:01:346562;1;2
2020:12:25;11:01:877081;1;2
2020:12:25;11:01:141852;1;2
2020:12:25;11:01:818934;1;2
2020:12:25;11:01:128723;2;1
2020:12:25;11:01:003066;2;2
2020:12:25;11:02:484669;1;1
2020:12:25;11:02:860385;1;2
2020:12:25;11:02:467301;2;1
2020:12:25;11:02:341127;2;2
2020:12:25;11:02:019084;2;1
2020:12:25;11:02:689007;2;2
2020:12:25;11:02:153620;2;2
2020:12:25;11:02:829991;2;2
2020:12:25;11:02:717146;2;1
2020:12:25;11:02:888580;2;2
2020:12:25;11:02:773331;1;1
2020:12:25;11:02:545502;1;2
2020:12:25;11:02:309382;1;2
2020:12:25;11:02:985004;1;2
2020:12:25;11:02:551537;1;2
2020:12:25;11:02:368797;2;1
2020:12:25;11:02:141447;2;2
2020:12:25;11:02:351817;1;2
2020:12:25;11:04:265529;1;2
2020:12:25;11:04:272247;2;2
2020:12:25;11:04:163254;2;1
2020:12:25;11:04:143269;2;2
2020:12:25;11:04:367639;1;1
2020:12:25;11:04:045928;1;2
2020:12:25;11:04:811757;1;2
2020:12:25;11:04:446065;1;2
2020:12:25;11:04:112656;1;2
2020:12:25;11:04:215271;1;2
2020:12:25;11:04:232145;2;1
2020:12:25;11:04:510217;2;2
2020:12:25;11:04:975175;2;2
2020:12:25;11:05:656301;2;2
2020:12:25;11:05:264127;2;1
2020:12:25;11:05:835657;2;2
2020:12:25;11:05:223806;2;1
2020:12:25;11:05:793910;2;2
2020:12:25;11:05:258602;2;2
2020:12:25;11:05:637160;2;2
2020:12:25;11:08:828716;1;2
2020:12:25;11:08:843686;2;2
2020:12:25;11:08:669804;1;1
2020:12:25;11:08:445657;1;2
2020:12:25;11:08:316968;1;2
2020:12:25;11:08:049115;1;2
2020:12:25;11:08:780417;2;1
2020:12:25;11:08:454812;2;2
2020:12:25;11:08:124218;2;2
2020:12:25;11:08:103770;2;2
2020:12:25;11:09:203485;2;1
2020:12:25;11:09:477280;2;2
2020:12:25;11:14:740564;2;2
2020:12:25;11:14:741401;1;2
2020:12:25;11:15:435904;1;1
2020:12:25;11:15:008246;1;2
2020:12:25;11:15:417830;2;1
2020:12:25;11:15:594981;2;2
2020:12:25;11:17:329877;2;1
2020:12:25;11:17:705055;2;2
2020:12:25;11:17:932609;1;1
2020:12:25;11:17:203532;1;2
2020:12:25;11:17:282799;1;1
2020:12:25;11:17:956267;1;2
2020:12:25;11:17:897984;2;1
2020:12:25;11:17:069457;2;2
2020:12:25;11:17:055075;2;1
2020:12:25;11:18:035595;2;2
2020:12:25;11:18:800688;2;2
2020:12:25;11:18:740540;2;2
2020:12:25;11:18:456528;1;2
2020:12:25;11:19:398750;1;1
2020:12:25;11:19:871980;1;2
2020:12:25;11:19:955419;1;1
2020:12:25;11:19:929629;1;2
2020:12:25;11:19:395494;1;2
2020:12:25;11:19:626082;1;2
2020:12:25;11:21:263664;1;2
2020:12:25;11:21:772002;2;2
2020:12:25;11:21:939556;2;2
2020:12:25;11:21:771439;2;2
2020:12:25;11:22:339203;2;2
2020:12:25;11:22:151208;1;1
2020:12:25;11:22:529166;1;2
2020:12:25;11:22:887501;2;2
2020:12:25;11:22:456462;2;2
2020:12:25;11:22:933254;2;2
2020:12:25;11:22:800532;2;2
2020:12:25;11:22:583365;2;2
2020:12:25;11:22:654406;2;1
2020:12:25;11:22:090222;2;2
2020:12:25;11:22:354316;2;2
2020:12:25;11:22:800631;2;2
2020:12:25;11:22:065786;2;2
2020:12:25;11:22:240581;2;2
2020:12:25;11:22:167089;2;2
2020:12:25;11:22:643152;2;2
2020:12:25;11:22:809347;2;2
2020:12:25;11:22:096757;2;2
2020:12:25;11:23:827019;2;1
2020:12:25;11:23:201567;2;2
2020:12:25;11:23:574486;2;1
2020:12:25;11:23:554153;2;2
2020:12:25;11:23:918227;1;1
2020:12:25;11:23:391576;1;2
2020:12:25;11:23:126970;2;1
2020:12:25;11:23:603968;2;2
2020:12:25;11:23:169815;2;2
2020:12:25;11:23:149302;2;2
2020:12:25;11:25:030790;1;2
2020:12:25;11:25:059674;2;2
2020:12:25;11:25:016037;1;1
2020:12:25;11:25:295380;1;2
2020:12:25;11:25:414619;2;1
2020:12:25;11:25:398193;2;2
2020:12:25;11:25:864345;2;2
2020:12:25;11:25:498015;2;2
2020:12:25;11:26:937593;2;1
2020:12:25;11:26:510610;2;2
2020:12:25;11:26:375924;2;2
2020:12:25;11:26:855195;2;2
2020:12:25;11:27:933526;2;2
2020:12:25;11:27:934128;1;2
2020:12:25;11:28:628908;1;1
2020:12:25;11:28:203356;1;2
2020:12:25;11:28:881279;1;1
2020:12:25;11:28:452503;1;2
2020:12:25;11:28:017254;1;2
2020:12:25;11:28:950068;1;2
2020:12:25;11:29:170872;2;2
2020:12:25;11:29:191857;1;2
2020:12:25;11:38:988546;2;2
2020:12:25;11:38:991430;1;2
2020:12:25;11:41:350835;2;1
2020:12:25;11:41:323788;2;2
2020:12:25;11:41:789686;2;2
2020:12:25;11:41:373137;2;2
2020:12:25;11:41:970135;1;1
2020:12:25;11:41:548164;1;2
2020:12:25;11:45:401608;1;2
2020:12:25;11:46:685948;2;2
2020:12:25;11:46:697872;2;2
2020:12:25;11:47:198171;2;2
2020:12:25;11:47:197846;1;2
2020:12:25;11:47:621216;1;1
2020:12:25;11:47:599336;1;1
2020:12:25;11:47:520914;1;2
2020:12:25;11:47:584336;1;2
2020:12:25;11:47:714763;2;1
2020:12:25;11:47:962833;2;2
2020:12:25;11:47:391930;1;2
2020:12:25;11:47:456818;1;2
2020:12:25;11:47:718170;1;2
2020:12:25;11:47:739020;1;2
2020:12:25;11:47:237932;2;1
2020:12:25;11:47:609804;2;2
2020:12:25;11:47:576429;2;2
2020:12:25;11:47:751204;2;2
2020:12:25;11:47:492738;1;1
2020:12:25;11:47:514470;1;1
2020:12:25;11:47:371961;1;2
2020:12:25;11:47:396630;1;2
2020:12:25;11:47:023070;1;2
2020:12:25;11:47:038154;1;2
2020:12:25;11:47:397503;1;2
2020:12:25;11:47:411258;1;2
2020:12:25;11:48:182339;2;1
2020:12:25;11:48:863674;2;2
2020:12:25;11:50:759682;1;2
2020:12:25;11:51:257804;1;1
2020:12:25;11:51:143079;1;2
2020:12:25;11:51:907899;1;2
2020:12:25;11:51:444504;1;2
2020:12:25;11:52:232410;1;2
2020:12:25;11:52:248265;2;2
2020:12:25;11:54:644586;2;1
2020:12:25;11:54:621599;2;2
2020:12:25;11:54:448259;1;1
2020:12:25;11:54:525071;1;2
2020:12:25;11:54:390064;2;2
2020:12:25;11:54:421504;2;2
2020:12:25;11:55:506603;1;2
2020:12:25;11:55:508924;2;2
2020:12:25;11:55:225227;2;1
2020:12:25;11:55:002570;2;2
2020:12:25;11:56:169844;2;2
2020:12:25;11:56:307267;2;2
2020:12:25;11:56:334457;1;1
2020:12:25;11:56:408708;1;2
2020:12:25;11:56:274367;1;2
2020:12:25;11:56:462517;1;2
2020:12:25;11:57:669042;2;2
2020:12:25;11:57:670554;1;2
2020:12:25;11:57:376255;1;2
2020:12:25;11:57:007526;1;2
2020:12:25;11:57:980463;2;1
2020:12:25;11:57:262529;2;2
2020:12:25;11:57:927313;2;2
2020:12:25;11:57:009435;2;2
2020:12:25;12:00:780966;1;2
2020:12:25;12:00:780313;2;2
2020:12:25;12:00:065412;2;1
2020:12:25;12:00:840678;2;2
2020:12:25;12:00:404703;2;2
2020:12:25;12:00:939856;2;2
2020:12:25;12:00:978263;1;1
2020:12:25;12:00:652469;1;2
2020:12:25;12:00:217260;1;2
2020:12:25;12:00:898160;1;2
2020:12:25;12:02:518749;1;2
2020:12:25;12:02:003733;1;1
2020:12:25;12:02:079989;1;2
2020:12:25;12:03:925225;2;2
2020:12:25;12:03:305780;2;1
2020:12:25;12:03:184418;2;2
2020:12:25;12:03:249800;2;2
2020:12:25;12:03:982934;2;2
2020:12:25;12:04:405493;2;1
2020:12:25;12:04:979133;2;2
2020:12:25;12:04:770260;2;2
2020:12:25;12:04:769923;1;2
2020:12:25;12:04:331240;1;1
2020:12:25;12:05:512681;1;2
2020:12:25;12:05:280940;1;2
2020:12:25;12:05:016464;1;2
2020:12:25;12:05:761471;2;1
2020:12:25;12:05:043443;2;2
2020:12:25;12:05:108908;2;2
2020:12:25;12:05:390864;2;2
2020:12:25;12:05:700585;1;1
2020:12:25;12:05:082849;1;2
2021:01:03;14:56:348703;2;2
2021:01:03;14:56:350891;1;2
2021:01:03;14:57:945782;2;1
2021:01:03;15:01:591280;1;2
2021:01:03;15:04:480406;1;1
2021:01:03;15:07:343978;1;2
2021:01:03;15:07:072811;1;2
2021:01:03;15:07:576375;1;2
2021:01:03;15:08:653615;1;1
2021:01:03;15:11:598570;1;2
2021:01:06;11:01:667369;1;2
2021:01:06;11:01:456148;2;2
2021:01:06;11:01:022495;2;2
2021:01:06;11:01:255523;1;1
2021:01:06;11:01:130600;1;2
2021:01:06;11:01:561871;2;2
2021:01:06;11:02:954488;2;1
2021:01:06;11:02:533338;2;2
2021:01:06;11:02:528861;1;1
2021:01:06;11:02:400425;1;2
2021:01:06;11:02:304247;2;2
2021:01:06;11:02:184795;2;2
2021:01:06;11:02:558361;2;1
2021:01:06;11:02:530467;2;2
2021:01:06;11:02:280074;1;1
2021:01:06;11:02:552191;1;2
2021:01:06;11:02:101155;2;1
2021:01:06;11:02:774668;2;2
2021:01:06;11:02:745225;2;1
2021:01:06;11:02:522301;2;2
2021:01:06;11:02:130935;1;1
2021:01:06;11:02:404380;1;2
2021:01:06;11:02:928422;1;2
2021:01:06;11:02:022031;1;2
2021:01:06;11:02:603572;2;1
2021:01:06;11:02:775517;2;2
2021:01:06;11:03:325526;1;2
2021:01:06;11:03:341512;2;2
2021:01:06;11:03:416297;1;2
2021:01:06;11:03:147394;1;2
2021:01:06;11:03:122336;2;1
2021:01:06;11:03:700072;2;2
2021:01:06;11:03:370984;2;2
2021:01:06;11:03:452270;2;2
2021:01:06;11:03:132086;2;1
2021:01:06;11:03:906878;2;2
2021:01:06;11:03:740804;1;1
2021:01:06;11:03:915602;1;2
2021:01:06;11:05:592735;1;2
2021:01:06;11:05:598118;2;2
2021:01:06;11:05:676516;2;1
2021:01:06;11:05:212653;2;2
2021:01:06;11:05:978602;1;1
2021:01:06;11:05:853069;1;2
2021:01:06;11:05:819491;1;2
2021:01:06;11:05:050742;1;2
2021:01:06;11:08:469542;1;2
2021:01:06;11:08:487363;2;2
2021:01:06;11:08:842595;1;1
2021:01:06;11:08:716832;1;2
2021:01:06;11:08:863086;2;1
2021:01:06;11:08:737529;2;2
2021:01:06;11:46:303127;1;2
2021:01:06;11:46:319255;2;2
2021:01:06;11:52:701779;1;2
2021:01:06;11:52:718077;2;2
2021:01:06;12:04:110974;1;2
2021:01:06;12:04:131853;2;2
2021:01:07;09:33:563502;2;2
2021:01:07;09:33:565214;1;2
2021:01:07;09:36:971555;1;2
2021:01:07;09:36:987504;2;2
2021:01:07;09:38:010658;2;2
2021:01:07;09:38:031674;1;2
2021:01:07;10:11:496203;1;2
2021:01:07;10:11:511813;2;2
2021:01:08;10:12:952483;1;2
2021:01:08;10:12:970406;2;2
2021:01:08;10:39:261627;1;2
2021:01:08;10:39:278091;2;2
2021:01:08;11:59:635252;1;1
2021:01:08;11:59:917050;1;2
2021:01:08;11:59:144516;2;1
2021:01:08;11:59:426479;2;2
2021:01:08;12:00:877981;1;1
2021:01:08;12:00:373621;1;2
2021:02:10;14:03:355382;1;2
2021:02:10;14:15:770582;2;2
2021:02:10;14:21:842427;1;1
2021:02:10;14:22:950930;1;2
2021:02:10;14:22:514386;1;2
2021:02:10;14:23:865036;1;2
2021:02:10;14:23:223316;2;1
2021:02:10;14:23:930374;2;2
2021:02:10;14:23:855312;2;1
2021:02:10;14:23:036027;2;2
2021:02:10;14:23:419426;1;1
2021:02:10;14:23:689490;1;2
2021:02:10;14:23:061368;1;1
2021:02:10;14:23:333394;1;2
2021:02:10;14:23:746941;1;2
2021:02:10;14:23:513137;1;2
2021:02:10;14:23:289704;1;2
2021:02:10;14:23:553378;1;2
2021:02:10;14:23:630685;1;2
2021:02:10;14:23:894502;1;2
2021:02:10;14:23:169186;1;2
2021:02:10;14:24:495188;1;2
2021:02:10;14:24:283034;1;2
2021:02:10;14:24:263836;1;1
2021:02:10;14:24:535553;1;2
2021:02:10;14:25:996854;1;2
2021:02:10;14:25:997987;2;2
2021:02:12;14:15:392656;1;2
2021:02:12;14:15:424974;2;2
2021:02:12;15:41:086898;2;2
2021:02:12;15:41:088609;1;2
2021:02:12;16:41:990433;2;2
2021:02:13;14:55:708130;1;2
2021:02:13;14:55:737099;2;2
2021:02:13;14:55:507931;2;1
2021:02:13;14:55:077091;2;2
2021:02:13;14:55:627836;1;2
2021:02:13;14:55:654392;2;2
2021:02:13;14:55:522428;2;1
2021:02:13;14:55:405179;2;2
2021:02:13;14:55:769963;2;2
2021:02:13;14:55:604450;2;2
2021:02:13;14:56:730398;2;2
2021:02:13;14:57:028125;2;1
2021:02:13;14:57:803177;2;2
2021:02:13;14:57:614579;2;1
2021:02:13;14:57:388176;2;2
2021:02:13;14:57:954807;2;2
2021:02:13;14:57:103061;2;2
2021:02:13;14:57:108499;2;1
2021:02:13;14:57:981755;2;2
2021:02:13;14:59:858107;1;2
2021:02:13;14:59:858893;2;2
2021:02:13;14:59:342597;1;2
2021:02:13;14:59:175869;1;2
2021:02:13;14:59:057439;1;1
2021:02:13;14:59:632110;1;2
2021:02:13;15:00:251293;1;2
2021:02:13;15:00:273298;2;2
2021:02:13;15:00:357674;1;2
2021:02:13;15:00:082294;1;2
2021:02:13;15:00:861549;2;1
2021:02:13;15:00:436196;2;2
2021:02:13;15:01:613036;2;2
2021:02:13;15:01:614526;1;2
2021:02:13;15:01:091371;2;1
2021:02:13;15:01:670994;2;2
2021:02:13;15:01:635617;2;2
2021:02:13;15:01:472864;2;2
2021:02:13;15:01:905668;2;1
2021:02:13;15:01:582054;2;2
2021:02:13;15:02:645251;1;2
2021:02:13;15:02:666561;2;2
2021:02:13;15:02:164331;1;1
2021:02:13;15:02:637668;1;2
2021:02:13;15:02:668193;2;1
2021:02:13;15:02:443162;2;2
2021:02:13;15:03:615556;1;1
2021:02:13;15:03:392562;1;2
2021:02:13;15:03:858099;1;2
2021:02:13;15:03:696034;1;2
2021:02:13;15:09:017023;1;1
2021:02:13;15:09:007839;1;2
2021:02:13;15:10:487060;1;1
2021:02:13;15:10:879451;1;2
2021:02:13;15:12:279724;1;1
2021:02:13;15:15:308924;1;2
2021:04:02;09:01:869028;1;2
2021:04:02;09:01:875064;2;2
2021:04:02;09:09:536303;1;2
2021:04:02;09:09:552316;2;2
2021:04:02;09:16:153626;1;1
2021:04:02;09:16:731896;1;2
2021:04:02;09:16:655990;2;1
2021:04:02;09:17:637024;2;2
2021:04:02;09:30:874994;2;2
2021:04:02;09:41:839152;1;2
2021:04:02;09:41:840846;2;2
2021:04:02;09:51:729284;2;2
2021:04:02;09:53:232587;1;2
2021:04:02;09:53:250294;2;2
2021:04:02;09:55:790932;1;2
2021:04:02;09:55:810692;2;2
2021:04:02;10:00:547348;2;2
2021:04:02;10:00:637329;2;1
2021:04:02;10:00:211395;2;2
2021:04:02;10:05:342561;1;2
2021:04:02;10:05:364479;2;2
2021:04:02;10:08:292019;1;2
2021:04:02;10:08:292909;2;2
2021:04:02;10:08:509907;1;1
2021:04:02;10:08:884315;1;2
2021:04:02;10:08:030329;2;1
2021:04:02;10:08:906582;2;2
2021:04:02;10:08:051736;1;2
2021:04:02;10:08:978878;1;2
2021:04:02;10:09:637706;1;1
2021:04:02;10:09:309268;1;2
2021:04:02;10:10:266501;2;2
2021:04:02;10:11:951312;2;1
2021:04:02;10:11:549109;2;2
2021:04:02;10:12:525397;1;2
2021:04:02;10:12:525971;2;2
2021:04:02;10:12:396634;2;1
2021:04:02;10:12:413626;2;1
2021:04:02;10:12:372141;2;2
2021:04:02;10:12:390335;2;2
2021:04:02;10:12:957040;2;1
2021:04:02;10:12:973452;2;1
2021:04:02;10:12:434901;2;2
2021:04:02;10:12:450772;2;2
2021:04:02;10:13:904578;1;2
2021:04:02;10:13:906390;2;2
2021:04:02;10:13:796606;1;2
2021:04:02;10:13:627188;1;2
2021:04:02;10:15:610741;1;2
2021:04:02;10:15:612386;2;2
2021:04:02;10:15:049311;1;1
2021:04:02;10:15:724614;1;2
2021:04:02;10:15:895973;1;1
2021:04:02;10:15:373893;1;2
2021:04:02;10:15:647570;1;1
2021:04:02;10:15:319838;1;2
2021:04:02;10:15:371070;2;1
2021:04:02;10:15:247493;2;2
2021:04:02;10:24:139515;1;2
2021:04:02;10:24:139104;2;2
2021:04:02;10:27:794539;1;2
2021:04:02;10:27:794098;2;2
2021:04:02;10:29:627486;2;1
2021:04:02;10:29:907767;2;2
2021:04:02;10:29:691314;2;1
2021:04:02;10:29:469296;2;2
2021:04:02;10:29:069225;2;1
2021:04:02;10:29:555131;2;2
2021:04:02;10:29:820116;2;2
2021:04:02;10:29:046003;2;2
2021:04:02;10:29:310635;2;2
2021:04:02;10:29:795666;2;2
2021:04:02;10:33:464838;2;1
2021:04:02;10:33:781577;2;2
2021:04:02;10:34:428382;2;2
2021:04:02;10:34:212477;2;1
2021:04:02;10:34:884656;2;2
2021:04:02;10:35:071853;2;1
2021:04:02;10:35:945709;2;2
2021:04:02;10:35:647892;2;1
2021:04:02;10:35:422155;2;2
2021:04:02;10:35:023109;2;1
2021:04:02;10:35:796621;2;2
2021:04:02;10:36:700630;1;2
2021:04:02;10:36:702404;2;2
2021:04:02;10:36:787747;1;2
2021:04:02;10:36:113654;1;2
2021:04:02;10:37:552232;2;1
2021:04:02;10:37:428336;2;2
2021:04:02;10:37:617556;1;1
2021:04:02;10:37:894326;1;2
2021:04:02;10:37:063354;1;2
2021:04:02;10:37:640143;1;2
2021:04:02;10:37:304817;2;1
2021:04:02;10:37:178092;2;2
2021:04:02;10:37:645426;2;2
2021:04:02;10:37:322845;2;2
2021:04:02;11:06:914151;1;1
2021:04:02;11:06:584445;1;2
2021:04:02;11:06:868185;2;1
2021:04:02;11:06:750512;2;2
2021:04:02;13:31:694908;1;1
2021:04:02;13:31:696307;1;2
2021:04:02;13:31:046098;2;1
2021:04:02;13:32:981006;2;2
2021:04:02;16:54:639722;2;2
2021:04:02;16:54:640343;1;2
2021:04:02;16:55:212841;2;1
2021:04:02;16:55:891857;2;2
2021:04:02;16:56:197418;2;2
2021:04:02;16:57:969822;2;1
2021:04:02;16:58:946363;2;2
2021:04:02;16:58:825141;2;2
2021:04:02;16:58:827663;1;2
2021:04:02;17:00:357118;1;2
2021:04:02;17:00:361222;2;2
2021:04:02;17:00:551076;2;1
2021:04:02;17:00:551173;2;1
2021:04:02;17:01:973555;2;2
2021:04:02;17:01:052020;2;2
2021:04:02;17:01:869678;1;1
2021:04:02;17:01:658489;1;2
2021:04:02;17:01:456726;2;1
2021:04:02;17:01:533394;2;1
2021:04:02;17:01:330801;1;2
2021:04:02;17:01:191714;1;2
2021:04:02;17:01:749059;2;2
2021:04:02;17:01:770773;2;2
2021:04:02;17:02:940850;2;1
2021:04:02;17:02:960009;2;1
2021:04:02;17:02:287537;1;1
2021:04:02;17:03:655991;1;2
2021:04:02;17:03:230731;2;2
2021:04:02;17:03:308262;2;2
2021:04:02;17:03:916976;2;1
2021:04:02;17:03:941707;2;1
2021:04:02;17:03:673699;1;1
2021:04:02;17:03:166889;1;2
2021:04:02;17:03:360124;1;2
2021:04:02;17:03:372833;2;2
2021:04:02;17:05:243013;2;2
2021:04:02;17:05:242478;1;2
2021:04:02;17:06:344755;1;1
2021:04:02;17:06:390866;1;1
2021:04:02;17:06:621124;2;1
2021:04:02;17:06:671878;2;1
2021:04:02;17:06:510566;1;2
2021:04:02;17:06:549098;1;2
2021:04:02;17:06:454648;2;2
2021:04:02;17:06:513111;2;2
2021:04:02;17:07:432894;1;2
2021:04:02;17:13:488435;1;1
2021:04:02;17:13:976325;1;2
2021:04:02;17:13:742933;1;2
2021:04:02;17:13:167368;1;2
2021:04:02;17:13:831359;1;2
2021:04:02;17:13:886290;1;2
2021:04:02;17:13:851522;1;2
2021:04:02;17:13:431101;1;2
2021:04:02;17:13:497516;1;2
2021:04:02;17:14:466051;1;2
2021:04:02;17:14:371757;1;1
2021:04:02;17:14:550159;1;2
2021:04:02;17:14:416149;1;2
2021:04:02;17:14:907054;1;2
2021:04:02;17:15:475732;1;2
2021:04:02;17:24:918404;1;2
2021:04:02;17:31:252553;1;1
2021:04:02;17:31:738166;1;2
2021:04:02;17:32:344520;1;1
2021:04:02;17:32:932194;1;2
2021:04:02;17:32:553419;1;2
2021:04:02;17:32:448635;1;1
2021:04:02;17:32:326148;1;2
2021:04:02;17:32:992580;1;2
2021:04:02;17:33:235759;1;2
2021:04:02;17:33:971252;2;2
2021:04:02;17:33:691999;1;1
2021:04:02;17:34:270177;1;2
2021:04:02;17:35:682089;1;1
2021:04:02;17:35:167462;1;2
2021:04:02;17:35:033216;1;2
2021:04:02;17:35:125114;1;2
2021:04:02;17:35:650870;1;2
2021:04:02;17:36:176845;1;1
2021:04:02;17:36:485850;1;2
2021:04:02;17:36:475960;2;2
2021:04:02;17:36:475897;2;1
2021:04:02;17:36:155757;2;2
2021:04:02;17:37:248623;1;2
2021:04:02;17:38:302927;2;2
2021:04:02;17:38:302561;1;2
2021:04:02;17:39:718439;1;1
2021:04:02;17:39:098780;1;2
2021:04:02;17:39:567863;1;2
2021:04:02;17:40:724267;1;2
2021:04:02;17:40:901532;1;2
2021:04:02;17:40:903826;2;2
2021:04:02;17:41:156698;2;1
2021:04:02;17:46:192541;2;2
2021:04:02;17:49:283116;1;1
2021:04:02;17:49:862308;2;1
2021:04:02;17:49:165647;1;2
2021:04:02;17:49:047000;2;2
2021:04:02;17:49:340903;1;1
2021:04:02;17:49:122209;2;1
2021:04:02;17:49:020581;1;2
2021:04:02;17:50:040892;1;2
2021:04:02;17:50:877749;2;2
2021:04:02;17:50:883443;1;2
2021:04:02;17:50:293082;1;1
2021:04:02;17:50:483270;1;2
2021:04:02;17:51:629278;1;1
2021:04:02;17:55:417588;1;2
2021:04:02;17:55:273540;2;2
2021:04:02;17:55:274294;1;2
2021:04:02;17:55:768063;2;1
2021:04:02;17:55:443882;2;2
2021:04:02;17:56:271501;2;2
2021:04:02;17:56:273027;1;2
2021:04:05;10:31:150531;1;2
2021:04:05;10:31:149866;2;2
2021:04:05;10:32:151009;2;1
2021:04:05;10:32:827483;2;2
2021:04:05;10:32:954423;1;1
2021:04:05;10:32:623054;1;2
2021:04:05;10:44:425422;2;1
2021:04:05;10:44:455919;2;2
2021:04:05;10:48:060410;1;2
2021:04:05;10:48:063659;2;2
2021:04:05;10:58:369767;2;2
2021:04:05;11:00:148847;1;2
2021:04:05;11:00:149706;2;2
2021:04:05;11:22:692041;1;1
2021:04:05;11:22:720600;1;2
2021:04:05;11:22:086890;1;2
2021:04:05;11:22:719842;1;2
2021:04:05;11:23:357034;1;1
2021:04:05;11:23:867694;1;2
2021:04:05;11:28:440361;1;1
2021:04:05;11:28:523898;1;2
2021:04:05;11:28:562775;1;1
2021:04:05;11:28:800034;1;2
2021:04:05;11:29:827755;1;1
2021:04:05;11:29:887475;1;2
2021:04:05;11:32:081527;1;2
2021:04:05;11:32:082884;2;2
2021:04:05;11:32:695652;2;1
2021:04:05;11:32:737526;2;2
2021:04:05;11:33:792326;2;2
2021:04:05;11:34:648359;2;1
2021:04:05;11:34:653466;2;2
2021:04:05;11:34:552567;1;2
2021:04:05;11:34:552052;2;2
2021:04:05;11:36:440379;2;1
2021:04:05;11:36:452746;2;2
2021:04:05;11:37:916453;2;1
2021:04:05;11:37:927073;2;2
2021:04:05;11:38:146849;2;2
2021:04:05;11:38:140187;2;1
2021:04:05;11:38:120520;2;2
2021:04:05;11:38:859858;2;2
2021:04:05;11:38:879450;2;2
2021:04:05;11:38:967405;1;2
2021:04:05;11:38:740201;1;2
2021:04:05;11:38:849591;1;2
2021:04:05;11:38:031652;1;1
2021:04:05;11:39:657127;2;1
2021:04:05;11:39:666830;2;1
2021:04:05;11:39:455799;1;2
2021:04:05;11:39:306325;1;2
2021:04:05;11:39:754208;1;2
2021:04:05;11:39:849360;1;1
2021:04:05;11:40:825366;2;2
2021:04:05;11:40:827021;2;2
2021:04:05;11:40:922323;2;1
2021:04:05;11:40:003532;2;1
2021:04:05;11:40:800256;2;2
2021:04:05;11:40:817357;2;2
2021:04:05;11:40:221412;1;2
2021:04:05;11:40:017951;2;2
2021:04:05;11:42:269771;2;2
2021:04:05;13:32:484452;1;2
2021:04:05;13:33:669211;1;1
2021:04:05;13:34:264516;1;2
2021:04:05;13:34:310890;1;2
2021:04:05;13:34:969097;2;2
2021:04:05;13:34:237145;2;2
2021:04:05;13:34:804825;1;1
2021:04:05;13:34:820187;1;1
2021:04:05;13:34:410166;2;2
2021:04:05;13:34:974721;2;1
2021:04:05;13:34:367348;2;2
2021:04:05;13:34:735046;2;2
2021:04:05;13:34:818795;2;2
2021:04:05;13:34:995627;2;1
2021:04:05;13:34:286740;2;2
2021:04:05;13:35:461964;2;2
2021:04:05;13:38:480068;2;2
2021:04:05;13:38:733166;2;1
2021:04:05;13:38:775043;2;1
2021:04:05;13:40:080862;2;2
2021:04:05;13:40:080862;2;2
2021:04:05;13:40:925736;1;2
2021:04:05;13:40:927062;1;2
2021:04:05;13:41:078915;1;1
2021:04:05;13:41:095341;1;1
2021:04:05;13:41:700439;1;2
2021:04:05;13:41:727983;1;2
2021:04:05;13:41:871814;1;2
2021:04:05;13:41:898292;1;2
2021:04:05;13:41:906956;1;2
2021:04:05;13:41:920681;1;2
2021:04:05;13:41:485302;1;1
2021:04:05;13:41:499918;1;1
2021:04:05;13:41:071920;1;2
2021:04:05;13:41:091620;1;2
2021:04:06;14:34:252788;2;2
2021:04:06;15:00:283124;1;2
2021:04:06;15:02:937502;2;2
2021:04:06;15:02:970084;1;2
2021:04:06;15:11:511703;1;2
2021:04:06;15:19:313045;2;2
2021:04:06;15:19:328277;1;2
2021:04:09;16:05:404233;1;2
2021:04:09;16:05:405617;2;2
2021:04:12;10:17:259382;1;2
2021:04:19;10:16:740850;1;2
2021:04:19;10:16:759664;2;2
2021:04:20;16:36:236905;1;2
2021:04:20;16:36:240693;2;2
2021:04:20;16:36:949006;1;1
2021:04:20;16:36:727695;1;2
2021:04:20;16:36:200634;1;1
2021:04:20;16:36:185771;1;2
2021:04:20;16:37:354560;1;2
2021:04:20;16:37:292044;1;2
2021:04:20;16:43:838428;1;1
2021:04:20;16:43:367939;1;2
2021:04:20;16:44:313903;1;1
2021:04:20;16:44:061804;2;1
2021:04:20;16:44:540929;2;2
2021:04:20;16:44:375103;1;2
2021:04:20;16:44:243309;2;1
2021:04:20;16:45:124898;2;2
2021:04:20;16:45:229131;2;1
2021:04:20;16:45:101689;2;2
2021:04:20;16:45:866294;2;2
2021:04:20;16:45:041730;2;2
2021:04:20;16:45:248106;1;1
2021:04:20;16:45:820638;1;2
2021:04:20;16:45:685858;1;2
2021:04:20;16:45:262476;1;2
2021:04:20;16:45:330063;1;2
2021:04:20;16:45:705337;1;2
2021:04:20;16:45:275811;1;2
2021:04:20;16:45:751632;1;2
2021:04:20;16:46:239642;1;1
2021:04:20;16:46:610101;1;2
2021:04:20;16:46:077547;1;2
2021:04:20;16:46:353444;1;2
2021:04:20;16:46:717862;1;2
2021:04:20;16:46:993261;1;2
2021:04:20;16:46:264999;1;2
2021:04:20;16:46:105659;1;2
2021:04:20;16:46:424243;2;1
2021:04:20;16:46:100352;2;2
2021:04:20;16:46:465703;2;2
2021:04:20;16:46:953229;2;2
2021:04:20;16:46:538411;2;1
2021:04:20;16:46:708782;2;2
2021:04:20;16:46:272246;2;2
2021:04:20;16:46:747398;2;2
2021:04:20;16:47:319168;2;1
2021:04:20;16:47:293911;2;2
2021:04:20;16:47:899685;2;1
2021:04:20;16:47:069083;2;2
2021:04:20;16:47:331850;2;2
2021:04:20;16:48:185002;2;1
2021:04:20;16:48:157642;2;2
2021:04:20;16:48:634855;2;1
2021:04:20;16:48:106110;2;2
2021:04:20;16:48:570815;2;2
2021:04:20;16:48:547924;2;2
2021:04:20;16:48:415153;2;2
2021:04:20;16:48:691658;2;2
2021:04:20;16:49:180649;2;1
2021:04:20;16:49:551776;2;2
2021:04:20;16:49:016274;2;2
2021:04:20;16:49:291436;2;2
2021:04:20;16:49:555587;2;2
2021:04:20;16:49:830492;2;2
2021:04:20;16:49:096806;2;2
2021:04:20;16:49:473719;2;2
2021:04:20;16:49:639650;2;2
2021:04:20;16:49:814696;2;2
2021:04:20;16:49:183056;2;2
2021:04:20;16:49:760064;2;2
2021:04:20;16:49:229397;2;2
2021:04:20;16:49:809749;2;2
2021:04:20;16:50:785652;2;1
2021:04:20;16:50:158590;2;2
2021:04:20;16:50:422778;2;2
2021:04:20;16:50:597673;2;2
2021:04:20;16:50:112932;2;2
2021:04:20;16:50:376880;2;2
2021:04:20;16:50:064577;2;2
2021:04:20;16:50:055537;2;1
2021:04:20;16:50:827998;2;2
2021:04:20;16:50:993205;2;2
2021:04:20;16:50:271382;2;2
2021:04:20;16:50:738909;2;2
2021:04:20;16:50:118756;2;2
2021:04:20;16:50:815521;2;1
2021:04:20;16:50:489271;2;2
2021:04:20;16:50:454327;2;2
2021:04:20;16:50:632017;2;2
2021:04:20;16:50:897021;2;2
2021:04:20;16:50:072196;2;2
2021:04:20;16:50:738880;2;2
2021:04:20;16:50:315152;2;2
2021:04:20;16:50:382067;2;2
2021:04:20;16:50:258968;2;2
2021:04:20;16:50:524925;2;2
2021:04:20;16:51:103305;2;2
2021:04:20;16:51:772691;2;2
2021:04:20;16:51:100604;2;2
2021:04:20;16:51:277358;2;2
2021:04:20;16:51:969587;2;1
2021:04:20;16:51:950338;2;2
2021:04:20;16:51:015923;2;2
2021:04:20;16:51:694628;2;2
2021:04:20;16:51:161013;2;2
2021:04:20;16:51:840141;2;2
2021:04:20;16:51:507942;2;2
2021:04:20;16:51:291600;2;2
2021:04:20;16:57:410298;2;1
2021:04:20;16:57:580036;2;2
2021:04:20;16:57:843928;2;2
2021:04:20;16:57:019424;2;2
2021:04:20;16:57:284514;2;2
2021:04:20;16:57:460161;2;2
2021:04:20;16:57:225990;2;2
2021:04:20;16:57:402150;2;2
2021:04:21;09:39:102648;1;2
2021:04:21;09:39:103193;2;2
2021:04:21;10:27:955985;2;2
2021:04:21;10:27:957547;1;2
2021:04:21;16:52:319082;1;1
2021:04:21;16:52:006792;1;2
2021:04:21;16:52:432402;2;1
2021:04:21;16:52:208175;2;2
2021:04:21;16:53:503667;2;1
2021:04:21;16:53:373523;2;2
2021:04:21;16:53:217162;1;1
2021:04:21;16:53:289996;1;2
2021:04:21;17:36:362317;2;1
2021:04:21;17:36:736271;2;2
2021:04:21;17:36:410654;2;1
2021:04:21;17:39:640201;2;2
2021:04:21;17:41:241196;2;2
2021:04:22;10:07:957738;2;2
2021:04:22;10:07:959615;1;2
2021:04:22;15:58:295467;2;1
2021:04:22;16:09:516863;2;2
2021:04:22;16:09:207655;1;2
2021:04:22;16:09:801869;1;1
2021:04:22;16:15:318123;1;2
2021:04:22;16:15:325304;2;2
2021:04:23;11:58:677260;2;2
2021:04:30;17:39:111219;1;2
2021:04:30;17:39:113014;2;2
2021:05:08;11:29:418495;1;2
2021:05:08;11:29:420127;2;2
2021:05:08;11:33:361423;2;2
2021:05:08;11:33:363430;1;2
2021:05:08;11:33:065456;2;1
2021:05:08;11:37:806574;2;2
2021:05:08;11:37:427126;2;1
2021:05:08;11:37:097797;2;2
2021:05:26;10:48:074295;1;2
2021:05:26;10:50:749262;1;1
2021:05:26;10:50:523794;1;2
2021:05:26;10:50:510944;1;1
2021:05:26;10:50:488435;1;2
2021:05:26;10:51:472053;2;2
2021:05:26;10:51:473694;1;2
2021:05:26;10:54:917151;1;1
2021:05:26;10:54:692026;1;2
2021:05:26;10:54:021018;2;1
2021:05:26;10:54:795530;2;2
2021:05:26;11:04:044702;1;2
2021:05:26;11:04:074282;2;2
2021:05:26;11:19:359754;1;2
2021:05:26;11:19:363205;2;2
2021:05:26;11:28:066339;1;2
2021:05:26;11:28:066712;2;2
2021:05:26;11:33:294732;1;2
2021:05:26;11:33:296430;2;2
2021:05:26;11:54:997473;1;2
2021:05:26;11:54:996928;2;2
2021:05:26;11:59:845219;1;2
2021:05:26;11:59:867254;2;2
2021:05:26;13:09:630963;2;2
2021:05:26;13:09:631848;1;2
2021:05:26;13:22:367506;1;2
2021:05:26;13:22:368263;2;2
2021:05:26;13:26:164933;2;2
2021:05:26;14:01:787263;2;2
2021:05:26;14:01:786680;1;2
2021:05:26;14:02:742832;1;2
2021:05:26;14:02:744894;2;2
2021:05:26;14:05:264933;1;2
2021:05:26;14:05:266844;2;2
2021:05:26;14:05:606604;2;1
2021:05:26;14:05:283127;2;2
2021:05:26;14:06:261729;1;2
2021:05:26;14:06:264721;2;2
2021:05:26;14:06:907155;2;2
2021:05:26;14:06:255476;2;2
2021:05:26;14:06:530937;1;1
2021:05:26;14:06:607361;1;2
2021:05:26;14:11:150832;1;1
2021:05:26;14:14:809948;1;2
2021:05:26;14:29:686530;1;2
2021:05:26;14:29:705312;2;2
2021:05:26;15:26:110275;1;1
2021:05:26;15:26:588790;1;2
2021:05:26;15:26:976703;1;1
2021:05:26;15:26:362666;1;2
2021:05:26;15:29:261136;1;2
2021:05:26;15:29:260807;2;2
2021:05:26;15:33:431961;2;2
2021:05:26;15:50:556992;2;2
2021:05:26;15:50:560219;1;2
2021:05:26;17:24:075553;2;2
2021:05:26;17:24:076362;1;2
2021:05:27;09:22:370779;1;2
2021:05:27;09:22:370467;2;2
2021:05:27;09:25:931989;2;1
2021:05:27;09:25:410773;2;2
2021:05:27;09:26:383346;1;2
2021:05:27;09:26:656436;1;1
2021:05:27;09:26:259565;1;2
2021:05:27;09:27:912600;2;2
2021:05:27;09:27:912037;1;2
2021:05:27;09:27:494542;1;2
2021:05:27;09:27:119587;1;2
2021:05:27;09:28:786945;2;1
2021:05:27;09:28:362785;2;2
2021:05:27;09:28:213067;1;1
2021:05:27;09:28:691406;1;2
2021:05:27;09:39:152312;1;1
2021:05:27;09:39:976529;1;2
2021:05:27;09:39:387968;2;1
2021:05:27;09:39:983410;2;2
2021:05:27;09:43:039085;2;2
2021:05:27;09:43:039693;1;2
2021:05:27;09:46:464483;1;1
2021:05:27;09:46:424633;1;1
2021:05:27;09:46:423307;1;2
2021:05:27;09:46:423303;1;2
2021:05:27;09:46:632513;2;1
2021:05:27;09:46:660243;2;2
2021:05:27;09:52:533602;2;2
2021:05:27;09:52:533256;1;2
2021:05:27;09:54:604237;2;1
2021:05:27;09:54:054782;2;2
